{"cameraMode":{"drawMode":0,"name":"Shaded","section":"Shading Mode"},"sceneLighting":true,"audioPlay":false,"sceneViewState":{"showFog":true,"showMaterialUpdate":false,"showSkybox":true,"showFlares":true,"showImageEffects":true,"showParticleSystems":true},"in2DMode":false,"pivot":{"x":-14.092754364013672,"y":6.802310943603516,"z":3.0078420639038088},"rotation":{"x":-0.03293972089886665,"y":-0.05725247412919998,"z":-0.0018943181494250894,"w":0.9978169798851013},"size":3.041381359100342,"orthographic":false}