{"cameraMode":{"drawMode":0,"name":"Shaded","section":"Shading Mode"},"sceneLighting":false,"audioPlay":false,"sceneViewState":{"showFog":true,"showMaterialUpdate":false,"showSkybox":false,"showFlares":true,"showImageEffects":true,"showParticleSystems":true},"in2DMode":false,"pivot":{"x":683.0000610351563,"y":451.0262451171875,"z":54.1903076171875},"rotation":{"x":0.035670407116413119,"y":-0.02638336457312107,"z":-0.0009419822599738836,"w":-0.9990164041519165},"size":633.1438598632813,"orthographic":false}