{"cameraMode":{"drawMode":0,"name":"Shaded","section":"Shading Mode"},"sceneLighting":false,"audioPlay":false,"sceneViewState":{"showFog":true,"showMaterialUpdate":false,"showSkybox":false,"showFlares":true,"showImageEffects":true,"showParticleSystems":true},"in2DMode":false,"pivot":{"x":8.940696716308594e-7,"y":0.0,"z":0.015729427337646486},"rotation":{"x":-0.07523253560066223,"y":0.8624528646469116,"z":-0.13459305465221406,"w":-0.4820801913738251},"size":3.364628553390503,"orthographic":false}