{"cameraMode":{"drawMode":0,"name":"Shaded","section":"Shading Mode"},"sceneLighting":true,"audioPlay":false,"sceneViewState":{"showFog":true,"showMaterialUpdate":false,"showSkybox":true,"showFlares":true,"showImageEffects":true,"showParticleSystems":true},"in2DMode":false,"pivot":{"x":10.789697647094727,"y":6.573150157928467,"z":8.056344032287598},"rotation":{"x":0.07834120839834213,"y":0.6720719337463379,"z":-0.07184860855340958,"w":0.7328201532363892},"size":2.5495150089263918,"orthographic":false}