{"cameraMode":{"drawMode":0,"name":"Shaded","section":"Shading Mode"},"sceneLighting":false,"audioPlay":false,"sceneViewState":{"showFog":true,"showMaterialUpdate":false,"showSkybox":false,"showFlares":true,"showImageEffects":true,"showParticleSystems":true},"in2DMode":false,"pivot":{"x":1021.4310302734375,"y":375.16802978515627,"z":-38.48602294921875},"rotation":{"x":0.048510048538446429,"y":0.16316410899162293,"z":0.008032646030187607,"w":-0.9853745102882385},"size":356.2558898925781,"orthographic":false}