{"cameraMode":{"drawMode":0,"name":"Shaded","section":"Shading Mode"},"sceneLighting":true,"audioPlay":false,"sceneViewState":{"showFog":true,"showMaterialUpdate":false,"showSkybox":true,"showFlares":true,"showImageEffects":true,"showParticleSystems":true},"in2DMode":false,"pivot":{"x":2.4253315925598146,"y":7.241702556610107,"z":4.896075248718262},"rotation":{"x":0.014065348543226719,"y":-0.6926347017288208,"z":0.013504637405276299,"w":0.7210289835929871},"size":2.7568137645721437,"orthographic":false}